<?xml version="1.0"?>
<!--

-Dtangosol.coherence.cacheconfig=Q:/be/trunk/orion/build/config/custom-cache-config.xml


Note: This XML document is an example Coherence Cache Configuration deployment
descriptor that should be customized (or replaced) for your particular caching 
requirements. The cache mappings and schemes declared in this descriptor are
strictly for demonstration purposes and are not required.

For detailed information on each of the elements that can be used in this
descriptor please see the Coherence Cache Configuration deployment descriptor 
guide included in the Coherence distribution or on the web at:

http://www.tangosol.com/UserGuide-Reference-CacheConfig.jsp
-->
<!DOCTYPE cache-config SYSTEM "cache-config.dtd">
<cache-config>
  
  <caching-scheme-mapping>
      <cache-mapping>
         <cache-name>*</cache-name>
         <scheme-name>test-near-distributed</scheme-name>
      </cache-mapping>
  </caching-scheme-mapping>

  <caching-schemes>
    <distributed-scheme>
      <scheme-name>test-distributed-cache</scheme-name>
      <service-name>DistributedCache</service-name>
      <backing-map-scheme>
        <read-write-backing-map-scheme>
          <internal-cache-scheme>
            <local-scheme></local-scheme>
          </internal-cache-scheme>
          <cachestore-scheme>
            <class-scheme>
              <class-name>
              com.tibco.be.oracle.BECoherenceOracleStore</class-name>
              <init-params>
                <init-param>
                  <param-type>java.lang.String</param-type>
                  <param-value>{cache-name}</param-value>
                </init-param>
              </init-params>
            </class-scheme>
          </cachestore-scheme>
          <write-delay>1S</write-delay>
        </read-write-backing-map-scheme>
      </backing-map-scheme>
      <autostart>true</autostart>
    </distributed-scheme>
    
    <near-scheme>
      <scheme-name>test-near-distributed</scheme-name>
      <invalidation-strategy>auto</invalidation-strategy>
      <autostart>true</autostart>
      <front-scheme>
        <local-scheme>
          <eviction-policy>HYBRID</eviction-policy>
          <high-units>1000000</high-units>
        </local-scheme>
      </front-scheme>
      <back-scheme>
        <distributed-scheme>
          <scheme-ref>default-distributed</scheme-ref>
        </distributed-scheme>
      </back-scheme>
    </near-scheme>
  </caching-schemes>

  </cache-config>
